"","model","waic"
"1",1,1239.83811238926
"2",2,1237.61139748188
"3",3,1225.19787482975
"4",4,1222.89925760385
