"","mean","sd","0.025quant","0.5quant","0.975quant","mode","kld"
"salinitymean",0.683469096185926,0.232329231270078,0.232326900977581,0.68166300539308,1.14486184215033,0.678119257595486,6.28523502167236e-09
"ph",-0.17270444574225,0.181333129576179,-0.529139092916348,-0.172751559570167,0.183983100962436,-0.17286812198817,3.67994219948467e-09
"distcoast",-2.66550423971579,0.299080077770028,-3.26048529283991,-2.66266859975015,-2.08657525017319,-2.65702790759367,8.49912576034686e-09
"Intercept",-13.3722630513947,0.571184224668817,-14.5836431547335,-13.3408592049454,-12.3415385406165,-13.2808545592333,3.07036254987167e-07
"intercept_pa",-6.24054547077067,0.693148385864821,-7.67988906614506,-6.2165769589196,-4.95971400605539,-6.18466021036625,1.70733035625188e-07
"sigma",6.19179236623464,1.14844436338764,4.34422458304647,6.04279564297775,8.83474327262456,NA,NA
"range",0.707993874821707,0.0774841945419458,0.565818662985608,0.70456129036219,0.869777095077707,NA,NA
"temp_sd",1.06434106591904,0.340983623686956,0.535154970093479,1.01817966423226,1.85681977170376,NA,NA
