"","model","waic"
"1",1,823.202791270494
"2",2,825.602098154039
"3",3,828.193677572089
"4",4,829.818700446031
