"","full_auc","cv_auc","model"
"1",0.698278890059712,0.539515279241307,1
"2",0.702669476642079,0.533017211099403,2
"3",0.68475588338602,0.532665964172814,3
"4",0.701615735862311,0.535475939585529,4
