"","model","waic"
"1",1,894.130045719479
"2",2,900.075251295698
"3",3,901.906127586606
"4",4,908.758265092314
