"","mean","sd","0.025quant","0.5quant","0.975quant","mode","kld"
"salinitymean",0.345540670213719,0.210471610848872,-0.0456423013661383,0.338366336420102,0.780302807286725,NA,0.0066026948902329
"ph",-0.287558453563604,0.169870662193118,-0.617615012106187,-0.288859775828858,0.0491259704364027,NA,0.00331816185857311
"Intercept",-12.1769377987783,0.366759127468134,-12.9401179879399,-12.1624918745162,-11.5009068545263,NA,0.30372592407435
"intercept_pa",-3.52693884034843,0.389589567559266,-4.33171857494064,-3.51365159834001,-2.80286828458172,NA,0.126196236545442
"windspeed",-0.234737547415254,0.0929350562362213,-0.41710204006438,-0.234847547899607,-0.0524387091609344,NA,0.0075134553501966
"sigma",0.717894090843623,0.0743072424152096,0.581039578631547,0.714763688881423,0.872572663659932,NA,NA
"range",7.3299620284033,1.15582302292485,5.39360190468919,7.20748281838726,9.92064313678904,NA,NA
"temp_sd",0.92414131859676,0.291899067235443,0.461626726942363,0.888506305905491,1.59276228968647,NA,NA
