"","dss","dss_sd","block_dss","block_dss_sd","rmse","block_rmse","full_pred_dev","model"
"1",7.7542943876421,1.09111285935473,6.8108269569154,1.32769960517943,34.9788395643807,22.4048220412263,-27.0910381022462,1
"2",7.73712429271578,1.22899404832018,6.68678005221152,1.07874165510841,32.411346771702,19.6009092257158,-27.3363824353495,2
"3",7.76646760739487,1.17329263976767,7.3939061708546,1.7355491186249,35.7084236168771,24.4057606165895,-26.4907485360317,3
