"","dss","dss_sd","block_dss","block_dss_sd","rmse","block_rmse","full_pred_dev","model"
"1",9.50473407923671,3.26797891705254,12.3548895712423,9.40555219742875,37.7972555299461,24.3199599680523,33.708693009529,1
"2",9.0708665721107,2.59667296779504,9.85866033356183,6.10310570725868,35.2950422939288,23.1367558576792,30.4846561240917,2
"3",9.34910806323228,2.71925439051854,11.6469402586406,8.86443931784535,38.6222072005839,23.9575310919177,35.5491923960631,3
"4",9.28736648853491,2.59360558706556,10.7753393701267,8.26051157597293,37.2717819474399,22.8063145261686,30.5698569945445,4
