"","full_auc","cv_auc","model"
"1",0.6821215314366,0.561116965226554,1
"2",0.698278890059712,0.544081489286969,2
"3",0.66192483315771,0.503688092729189,3
"4",0.698278890059712,0.535124692658939,4
