"","dss","dss_sd","block_dss","block_dss_sd","rmse","block_rmse","full_pred_dev","model"
"1",9.21054365981575,2.68864395411644,11.4921186735681,8.36497627940673,37.7474965444843,24.3355229453989,32.1554223438019,1
"2",8.72166158641257,2.11469844090944,10.183269363785,7.12584415740364,35.0814146235632,22.819157530776,29.5058216629787,2
"3",9.51855003501115,2.65522168007937,11.5522373830079,8.35285339639306,40.2906754245367,24.1549357587888,34.5752782074534,3
"4",8.90326511949654,2.25701557946554,10.0091628719768,7.18922974915658,36.7017775370372,22.1840407162246,31.548159072963,4
