"","model","waic"
"1",1,823.309210958217
"2",2,825.616549313142
"3",3,828.194066763736
"4",4,829.832252187383
