"","full_auc","cv_auc","full_tss","cv_tss","full_boyce","cv_boyce","model"
"1",0.805128205128205,0.515496098104794,0.550055741360089,0.220066889632107,0.976,0.78,1
"2",0.810033444816054,0.487179487179487,0.558751393534002,0.151839464882943,0.97,0.708,2
"3",0.796432552954292,0.508361204013378,0.532664437012263,0.210479375696767,0.981,0.694,3
