"","dss","dss_sd","block_dss","block_dss_sd","rmse","block_rmse","full_pred_dev","model"
"1",7.70257831362403,1.2204530580471,6.97206727427271,1.36953910722989,34.5147124096941,22.9448107954069,-26.5624994542008,1
"2",7.74161228577144,1.19089865816739,6.64448792929339,1.22281223927018,32.2786325677584,20.3969690231791,-26.3132412976992,2
"3",7.82935297076892,1.24964950294756,7.31785176096613,1.59611015363643,35.5313536979119,24.996150689515,-26.755806307264,3
