"","dss","dss_sd","block_dss","block_dss_sd","rmse","block_rmse","full_pred_dev","model"
"1",6.21268716468869,2.12302336355783,19.0363967675887,26.9845541205344,10.4400828635303,11.2122291468264,0.0715171871492934,3
