"","mean","sd","0.025quant","0.5quant","0.975quant","mode","kld"
"salinitymean",6.01209780019608,1.38962598321228,3.34106098176766,5.98990484721406,8.81205262186964,5.94973716913692,1.77357495659226e-06
"ph",-1.00511791347701,0.398580041355064,-1.74606552457976,-1.02065784176758,-0.176746105705955,-1.05088344744469,2.96161068416903e-06
"Intercept",-15.8609371666472,0.90413088598001,-17.7961426718301,-15.8050073921699,-14.2387008329226,-15.6957835925327,5.20678303956733e-06
"intercept_pa",-5.58818701457667,0.881491346259839,-7.47010308331975,-5.53566114319122,-4.00226758480419,-5.4336868076502,4.72193394668774e-06
"sigma",0.44108260465069,0.0911174773289897,0.281190823953864,0.435173555465751,0.637034880628173,NA,NA
"range",8.04132724874168,2.78559105149145,4.04473340796911,7.53564487642338,14.8673100863636,NA,NA
"temp_sd",1.69971232281266,0.574387212119662,0.798270929302483,1.62782760117585,3.01955932852756,NA,NA
