"","full_auc","cv_auc","model"
"1",0.940693858415377,0.856305672761369,1
"2",0.842006563525551,0.740037505860291,2
"3",0.847163619315518,0.782934833567745,3
"4",0.843178621659634,0.772620721987811,4
