"","model","waic"
"1",1,575.194127727296
"2",2,507.666471373164
"3",3,443.078434163179
"4",4,460.941750850017
