"","model","waic"
"1",1,430.9452105002
"2",2,471.257175207337
"3",3,473.361764258324
"4",4,474.071863682392
