"","dss","dss_sd","block_dss","block_dss_sd","rmse","block_rmse","full_pred_dev","model"
"1",5.67696075020713,1.56166696270471,14.1229735764093,14.6986221096481,8.64621929745163,8.66723083167912,1.39631183105536,1
"2",5.47485671657205,1.42684606520682,8.83801758571574,8.51677807292897,7.99900359625836,7.64832039817307,0.374272845876504,2
"3",5.26384456697702,1.5955116164368,14.7747481558158,22.6696985426449,7.75989292089589,8.14246815644393,1.87171800881431,3
"4",5.18699598336236,1.1953120679996,13.4500637509687,20.0231878050778,8.03075787272402,7.92146913542102,2.12913817284451,4
