"","full_auc","cv_auc","model"
"1",0.944678856071261,0.850210970464135,1
"2",0.820440693858415,0.725035161744022,2
"3",0.845053914674168,0.780590717299578,3
"4",0.841068917018284,0.76840131270511,4
