"","full_auc","cv_auc","full_tss","cv_tss","full_boyce","cv_boyce","model"
"1",0.869855967078189,0.788065843621399,0.689814814814815,0.712962962962963,0.826,0.271,3
