"","dss","dss_sd","block_dss","block_dss_sd","rmse","block_rmse","full_pred_dev","model"
"1",5.95144129748432,1.59350082624228,13.1680452882874,13.6880861883008,8.16763560976567,8.71110380886352,2.48273127686687,1
"2",5.26435280952258,1.15098844779148,10.0395402210628,10.5927275158965,7.64316991272999,8.03562400823278,0.357254046727817,2
"3",5.88220570048496,2.64608721154089,13.7158040881469,20.5740637205133,8.30351506958047,8.04222090279625,2.34368308088569,3
"4",5.58721769412108,1.96394275591946,13.6721543137042,20.3965643847358,7.96111068447353,7.97385786014027,2.66110688972272,4
