"","mean","sd","0.025quant","0.5quant","0.975quant","mode","kld"
"salinitymean",6.14752872445582,1.31299324634368,3.70313312514723,6.10415914300556,8.85566827709638,NA,0.0289452864795238
"ph",-1.03110489883312,0.394448876869129,-1.75967093353752,-1.04612101208262,-0.211782621977066,NA,0.00512113702696656
"Intercept",-15.8302251382468,0.850020787718367,-17.6366014547267,-15.7827802805673,-14.3025979316217,NA,0.120552876785502
"intercept_pa",-5.50793499847583,0.822564449428052,-7.2411058834511,-5.46770567013761,-4.01388600071193,NA,0.160940047746801
"sigma",0.444917428265578,0.101188265118384,0.272295774000691,0.43647318825618,0.667526063009596,NA,NA
"range",8.17901137310581,2.81122241500856,4.19594621232238,7.6486361131715,15.1110717190865,NA,NA
"temp_sd",1.6098034442953,0.56722555065302,0.696682778694077,1.5502011935945,2.8790153843592,NA,NA
