"","mean","sd","0.025quant","0.5quant","0.975quant","mode","kld"
"salinitymean",2.54738525193038,1.31144772615149,0.0451799822697247,2.52385508218628,5.19167822884805,NA,0.00051684997480807
"ph",-0.659771398124032,0.487531819794106,-1.60765217227763,-0.663334521156918,0.305919473476277,NA,9.48215436229179e-09
"Intercept",-18.9521717559752,1.07805700280012,-21.2059384519495,-18.9059690916614,-16.975704688403,NA,0.00973721534819048
"intercept_pa",-7.61967497161554,0.992581393484269,-9.69268839839918,-7.57787766766977,-5.79780736058274,NA,0.00871669099021153
"silicatemax",-8.40645166606256,2.03060450746185,-12.5794045981206,-8.34455990919642,-4.61077024550898,NA,0.000353510760302404
"chlomean",-0.341083895610955,0.231102206375065,-0.797428068111888,-0.339798645300077,0.109671338975594,NA,0.000329663532999659
"sigma",0.0155213543657186,0.00922679733552519,0.00228230232390908,0.0142142491852824,0.0359601151101969,NA,NA
"range",101.005025063823,128.355377730747,21.1747169492235,58.9724266052006,437.049194043378,NA,NA
"temp_sd",0.373066418197607,0.270597814706364,0.136657701855481,0.288218790992481,1.08992152134225,NA,NA
