"","model","waic"
"1",1,1375.56452547394
"2",2,1372.9878244491
"3",3,1457.99240136131
"4",4,1456.19789291222
