"","dss","dss_sd","block_dss","block_dss_sd","rmse","block_rmse","full_pred_dev","model"
"1",5.79429256656578,4.2824843366334,2.85913335921981,1.50873510232927,11.0475144222917,2.46293894980666,0.330917370796893,1
"2",7.81396963231479,8.83156989237972,2.90936033265353,1.63940794235049,1893.62412990107,2.46034441628395,0.0972650757285791,2
"3",3.91268075585014,0.133942717741053,2.81516585991455,1.5546085846846,2.68602978617076,2.41372487937431,0.43758683719247,3
"4",3.86210680270761,0.121304238432513,2.7065003428745,1.35330319703937,2.65715927454891,2.40243005885794,0.672643907022508,4
