"","full_auc","cv_auc","full_tss","cv_tss","full_boyce","cv_boyce","model"
"1",0.94212962962963,0.8253367003367,0.840909090909091,0.659090909090909,0.919,0.713,4
