"","full_auc","cv_auc","model"
"1",0.906531531531532,0.866554054054054,1
"2",0.906343843843844,0.824887387387387,2
"3",0.891141141141141,0.831456456456456,3
"4",0.89207957957958,0.79786036036036,4
