"","full_auc","cv_auc","model"
"1",0.907094594594595,0.865990990990991,1
"2",0.905968468468468,0.8246996996997,2
"3",0.885885885885886,0.83277027027027,3
"4",0.886636636636637,0.792980480480481,4
