"","model","waic"
"1",1,3564.701206524
"2",2,1924.29461359429
"3",3,1911.69767563983
"4",4,1903.56546988688
