"","dss","dss_sd","block_dss","block_dss_sd","rmse","block_rmse","full_pred_dev","model"
"1",3.85369973792949,0.0872656812460488,2.9539497254511,1.62606279575223,2.37726626189407,2.52474240452023,0.841694698964254,1
"2",3.92817730120445,0.173023740277441,2.88561126230706,1.54759577713819,2.46929811136979,2.45044423434795,0.602668418749623,2
"3",3.79268910885959,0.171997083508211,2.6898365244767,1.31896675597056,2.3365336697152,2.35080425364798,0.3526749910517,3
"4",3.91594501181546,0.270641840016511,2.77232299654246,1.51197134381204,3.08995511586696,2.40646830316172,0.261241579857121,4
