"","dss","dss_sd","block_dss","block_dss_sd","rmse","block_rmse","full_pred_dev","model"
"1",4.16182684915027,0.431719443679692,4.08364276598434,2.38493157588342,3.9051122114948,3.58392139178445,-0.0902811834422543,4
