"","mean","sd","0.025quant","0.5quant","0.975quant","mode","kld"
"salinitymean",0.349046375773287,0.214499656925308,-0.0413315067363392,0.337937124213823,0.801200148481998,0.315561965917563,4.55600669547042e-06
"ph",0.0236731284353428,0.214283089603794,-0.378567333585384,0.0168803876945407,0.464583230683923,0.00392070088584353,2.37727658068112e-06
"Intercept",-11.5743437100886,0.31811674765006,-12.2499163892082,-11.5562688613282,-10.9989948622977,-11.5195132143556,1.1357433530015e-06
"intercept_pa",-2.17918306753305,0.418823632320278,-3.0293463566266,-2.16705566675382,-1.35978352462262,-2.12313713039716,2.94174029735502e-07
"windspeed",-0.157376051982495,0.0861882969045281,-0.3293008095537,-0.156586197216678,0.00992393303699243,-0.155138310539053,4.97598426239815e-07
"sigma",0.684989617823501,0.0682233139846785,0.565940298682434,0.679307056418544,0.833381264006765,NA,NA
"range",7.70103967415817,1.13106852305356,5.88630230600335,7.54976556082985,10.3015830340966,NA,NA
"temp_sd",0.911294165145691,0.303582567011343,0.413779666379227,0.882372964588966,1.58301965018656,NA,NA
