"","full_auc","cv_auc","model"
"1",0.615679534637758,0.542834479111581,1
"2",0.625859333685881,0.517054468535167,2
"3",0.613299841353781,0.537414066631412,3
"4",0.624933897408778,0.515468006345849,4
