"","full_auc","cv_auc","full_tss","cv_tss","full_boyce","cv_boyce","model"
"1",0.757833575430587,0.456733762191326,0.456318738327454,0.106661133015148,0.995,0.574,1
"2",0.770491803278688,0.506536625855987,0.460053953102303,0.15003112678979,0.992,0.589,2
"3",0.766341564639967,0.540361070761569,0.472712180950404,0.183648059763436,0.997,0.588,3
