"","model","waic"
"1",1,860.766860086779
"2",2,862.943066054333
"3",3,864.741792162299
"4",4,867.935848093955
