"","dss","dss_sd","block_dss","block_dss_sd","rmse","block_rmse","full_pred_dev","model"
"1",7.75663579150583,1.40072196632669,7.38668465608838,0.668609367120858,34.0514902667809,22.4757741424764,-31.0032748547634,1
"2",7.70065455053278,1.42494673254337,7.1491509159267,0.769290687634864,33.164439169741,21.2069939952483,-32.3939929680965,2
"3",8.17323508512404,1.47978544066554,7.78998065990629,0.603802353448727,40.884936788459,26.3283200328051,-32.0282935742898,3
