"","dss","dss_sd","block_dss","block_dss_sd","rmse","block_rmse","full_pred_dev","model"
"1",8.22417674014228,1.85401979400974,9.54761740193764,5.61867998628852,30.9693704075045,20.9701947975891,25.0080064147618,1
"2",7.84781032519188,1.43323351019946,8.47740906164764,3.56223839094311,27.9431079352249,19.6880732654282,21.6373035751229,2
"3",8.71468329273988,2.32210612865733,9.84391329492908,6.26857629133656,34.3501578826291,21.1449686478056,28.508713844302,3
"4",8.12329655173504,1.76837019496404,8.54449374897133,3.91031868078703,30.3193857224783,19.7561427289247,24.6783848286016,4
