"","full_auc","cv_auc","model"
"1",0.615415124272871,0.542702273929138,1
"2",0.614621893178213,0.518773135906928,2
"3",0.614754098360656,0.543231094658911,3
"4",0.616869381279746,0.512427287149656,4
