"","dss","dss_sd","block_dss","block_dss_sd","rmse","block_rmse","full_pred_dev","model"
"1",8.40021060982273,2.20117994393656,9.85975209943041,6.16177928802822,31.0464927605299,20.7896224900886,24.6734509620078,1
"2",7.72117218562553,1.30471456118335,8.71849542124036,4.13797648135424,26.8362849678718,19.6455009671212,22.4042971764517,2
"3",8.83139412987175,2.37896495847644,10.8274466445677,7.42701799174109,34.952650365595,21.2851118760103,27.8075908930631,3
"4",8.10440361333663,1.89734468027751,9.07285869923728,4.7557505709757,29.2741769521628,20.375460366602,26.3299235794306,4
