"","model","waic"
"1",1,932.040535711294
"2",2,935.050476405957
"3",3,937.299666502541
"4",4,939.818044885969
