"","mean","sd","0.025quant","0.5quant","0.975quant","mode","kld"
"salinitymean",0.344256747012226,0.211089629831283,-0.0375693039905098,0.333364820767267,0.790534160659205,NA,0.0104439876219358
"ph",0.0181255231310654,0.209401755203255,-0.370308592607529,0.0107269861594244,0.45143492400242,NA,0.00021463573252836
"Intercept",-11.5795425261952,0.284479981791076,-12.1577137809429,-11.5729904837586,-11.041350181955,NA,0.376763261999865
"intercept_pa",-2.18033575338901,0.290116154936365,-2.76936315181051,-2.17384617786427,-1.63088179493858,NA,0.0978999217806654
"windspeed",-0.146180233100096,0.0812621019563988,-0.305748603083975,-0.14600009369962,0.0131630967530934,NA,0.00704506752842562
"sigma",0.684989617823501,0.0682233139846785,0.565940298682434,0.679307056418544,0.833381264006765,NA,NA
"range",7.70103967415817,1.13106852305356,5.88630230600335,7.54976556082985,10.3015830340966,NA,NA
"temp_sd",0.911294165145691,0.303582567011343,0.413779666379227,0.882372964588966,1.58301965018656,NA,NA
