"","model","waic"
"1",1,861.3789076196
"2",2,862.08922445631
"3",3,865.141567338436
"4",4,866.876742341394
