"","dss","dss_sd","block_dss","block_dss_sd","rmse","block_rmse","full_pred_dev","model"
"1",8.75055738991342,1.77033131361922,8.15263702648371,1.33513466200913,55.0963599053549,27.840714819064,-14.9782485558076,4
"2",9.61519181194383,3.09584700193093,7.34549412537848,0.804133092121007,62.8210179434935,25.1116201159475,-15.6453962185093,3
