"","model","waic"
"1",1,669.125100478228
"2",2,667.694397658751
"3",3,649.644612856898
"4",4,645.101335870228
