"","dss","dss_sd","block_dss","block_dss_sd","rmse","block_rmse","full_pred_dev","model"
"1",13.0728679078918,5.15430964764904,13.5694820406437,9.10903172123174,81.1942139208035,49.520257421603,64.3595632394215,1
"2",13.3323758305337,5.58869823210573,14.6281897088483,10.5132742553688,85.4105028704251,50.5430327798305,71.8686694399881,2
"3",13.6071612164458,6.4084138011344,15.4137030191502,11.206203389642,86.831267062155,51.8624448166783,79.0410310998556,3
"4",14.1534626402377,6.68596910880895,13.6270776439653,8.99154514331095,87.2519004420963,50.4974565924222,74.9430842542695,4
