"","mean","sd","0.025quant","0.5quant","0.975quant","mode","kld"
"salinitymean",0.824120197445222,0.249797594492398,0.362874046025165,0.814561436335827,1.34312311348929,NA,0.0318590536987459
"ph",-0.00304085977497061,0.180692338653003,-0.350904483804094,-0.00534618967319829,0.358231863154663,NA,0.00193338421695266
"Intercept",2.20513548535859,0.383635758012895,1.43153873124774,2.21203926582622,2.9370352555227,NA,0.271927897363949
"intercept_pa",-1.58802074250107,0.377817681583939,-2.3504248686866,-1.58105315605857,-0.867764592575716,NA,0.0684483144801168
"windspeed",0.163006125073254,0.0673629408927512,0.0308346319599711,0.162908067022897,0.295169125933686,NA,0.00233590187429406
"sigma",0.810556835460602,0.00155459331617936,0.807514465513284,0.810549098790425,0.813624632147732,NA,NA
"range",7.35222130882474,0.0943481295161606,7.20556757648588,7.34294877320401,7.55635137083493,NA,NA
"temp_sd",0.494136682923038,0.0231929493050897,0.449697150063635,0.493677921872905,0.540933272563429,NA,NA
