"","mean","sd","0.025quant","0.5quant","0.975quant","mode","kld"
"salinitymean",0.813396786343459,0.249414370183194,0.352415977720093,0.803083304304954,1.33233064185513,0.782696673186725,3.33950758427972e-06
"ph",0.00270434074640056,0.180493982003371,-0.344638284141419,0.000122912717950168,0.364843943092283,-0.00478142875752136,1.88425019952371e-08
"Intercept",-11.5041055977614,0.430550353633354,-12.4283006217555,-11.4720210536629,-10.7564285913662,-11.3943261304006,1.61961140315614e-06
"intercept_pa",-1.50607198473685,0.462299222391586,-2.49568314714933,-1.47355458645499,-0.697972172887251,-1.40449502726833,1.59743714756656e-06
"windspeed",0.153349751659047,0.0701394001614361,0.0177403268799777,0.152560279066354,0.293400636609159,0.150977824601108,2.53241545088942e-07
"sigma",0.804016547106877,0.0461562196502763,0.723902464478748,0.799896934515737,0.904400276472194,NA,NA
"range",6.8187656485242,0.775400773021355,5.58655119718754,6.71061077443307,8.60444118077061,NA,NA
"temp_sd",0.772739225751143,0.296751852955536,0.300309618283012,0.740459530409973,1.43644381490012,NA,NA
