"","model","waic"
"1",1,1644.79563230575
"2",2,1661.9452537143
"3",3,1643.33098769192
"4",4,1642.60662038427
