"","full_auc","cv_auc","model"
"1",0.719203712019159,0.619967070797785,1
"2",0.746894177518336,0.656787906002095,2
"3",0.719952102978596,0.602903756922616,3
"4",0.744050291872474,0.634485855410867,4
