"","dss","dss_sd","block_dss","block_dss_sd","rmse","block_rmse","full_pred_dev","model"
"1",10.5419030403141,2.76494954810837,8.708987602634,1.58766352515614,75.17203942372,40.0061568830518,-71.936388485709,1
"2",10.4547685191242,2.49778862353336,9.38890559595913,1.56294843302498,75.607460620164,47.495182498216,-76.8923035051113,2
"3",10.9359984709311,3.33148740730631,8.98245280291486,1.694366501891,79.7089815520098,44.3255282269879,-72.5378647095444,3
"4",10.9248770291511,3.02659339758689,9.32935963349827,1.57132289517419,78.4215033149762,50.5634827271409,-76.0141352149808,4
