"","full_auc","cv_auc","model"
"1",0.724442448735219,0.613381230354737,1
"2",0.74075737165095,0.644364616075438,2
"3",0.723843735967669,0.586588834006885,3
"4",0.747043855710223,0.62550516389762,4
