"","full_auc","cv_auc","model"
"1",0.725789552462206,0.604250860649603,1
"2",0.757820685526119,0.656937584193983,2
"3",0.725340517886544,0.593773387217482,3
"4",0.749289028588535,0.631791647956893,4
