"","dss","dss_sd","block_dss","block_dss_sd","rmse","block_rmse","full_pred_dev","model"
"1",10.7370270615222,3.77459918866542,14.0682275229793,9.38666516060986,66.3655188512936,48.6348645190439,45.7349246422321,1
"2",11.1917543579015,4.08586211336694,14.1004440105,9.51004682009743,70.1321991294978,49.5986352341441,42.8185795722438,2
"3",11.433792187507,4.24643721468766,15.281118000203,10.7656874833117,71.7164022422325,50.568966467181,49.4835948507418,3
"4",11.511287141409,4.4728820193499,14.2389189777864,9.48444617531241,73.8725420072606,50.2634413157905,51.9080306850013,4
