"","model","waic"
"1",1,1612.32002910913
"2",2,1615.53782811711
"3",3,1593.9334462057
"4",4,1595.22754333087
