"","dss","dss_sd","block_dss","block_dss_sd","rmse","block_rmse","full_pred_dev","model"
"1",9.45491467531427,1.7856999866374,8.36344397512926,1.31813670701078,79.4009040028926,50.4119876665447,-68.2889742452162,3
"2",9.53237673514588,1.47912029650408,8.60591409041566,1.34772164959257,85.3978112492905,52.640211163976,-69.3297614964486,4
