"","mean","sd","0.025quant","0.5quant","0.975quant","mode","kld"
"salinitymean",0.839321796143027,0.245794887233207,0.384912790612079,0.830108321851796,1.34946042152191,NA,0.0289751140423966
"ph",0.02818987449721,0.177197464367299,-0.312801173956499,0.0258867062540002,0.382616257011191,NA,0.00233938665762281
"Intercept",-11.4752109191657,0.326254285883341,-12.1378453764183,-11.4678375201104,-10.857549946111,NA,0.339014856814677
"intercept_pa",-1.52881250911558,0.321853497274904,-2.1825933238651,-1.52151143316144,-0.91956760693307,NA,0.0834872366489758
"sigma",0.764777754984841,0.0525196065839198,0.667749316911826,0.76245989282969,0.873932310492391,NA,NA
"range",6.46996279006289,0.784586220119349,5.1888345428438,6.37242675399819,8.25226601330686,NA,NA
"temp_sd",0.820347742336976,0.318761513016175,0.325625933302868,0.780401353611614,1.54980875007177,NA,NA
