"","model","waic"
"1",1,1822.37469290783
"2",2,1828.08841831347
"3",3,1830.23999451077
"4",4,1833.18880019922
